Date,Energy Consumption (kWh),Water Usage (Liters),Waste Production (Tons),Recycling Rate (%),Carbon Footprint (CO2 Tons),Project,Project Progress (%),Year,Month
2023-07-14,3816.97,1666.78,15.03,29.57,26.87,Project C,78.48,2023,7
2024-02-14,19223.03,3858.13,5.99,35.05,19.22,Project B,83.42,2024,2
2024-04-21,9620.06,26679.27,44.67,79.76,97.82,Project C,72.28,2024,4
2024-03-29,7785.29,20364.78,45.68,43.34,44.11,Project A,5.21,2024,3
2023-12-19,8290.24,48865.98,30.32,77.31,52.96,Project C,34.39,2023,12
2024-01-07,11513.31,34873.15,37.06,36.73,15.62,Project A,39.19,2024,1
2023-06-24,814.33,39278.45,38.01,34.28,70.86,Project B,1.87,2023,6
2024-02-06,13980.79,40300.7,10.15,74.3,81.33,Project D,97.95,2024,2
2024-05-28,8416.01,36976.06,39.86,11.35,74.96,Project D,8.56,2024,5
2023-10-31,19623.29,23055.79,10.77,89.23,44.93,Project A,80.1,2023,10
2023-12-10,1039.63,13804.5,16.64,79.58,92.99,Project D,90.05,2023,12
2023-09-04,18476.88,37822.6,38.54,12.23,1.27,Project B,4.73,2023,9
2023-09-13,6869.83,24606.62,35.98,71.07,87.58,Project D,92.54,2023,9
2023-10-23,11318.54,1914.01,37.44,12.46,17.95,Project B,93.23,2023,10
2024-03-21,4387.88,24459.94,17.19,10.32,35.74,Project A,28.26,2024,3
2023-10-26,18298.46,15185.53,43.52,63.42,74.9,Project C,76.99,2023,10
2023-08-25,5022.42,41943.52,35.83,35.68,94.94,Project C,81.79,2023,8
2023-07-03,3232.45,16291.16,11.3,11.47,97.61,Project C,73.71,2023,7
2023-06-11,11721.15,11980.08,15.63,11.49,46.18,Project B,96.25,2023,6
2024-01-02,16100.48,49595.84,27.73,36.6,98.76,Project D,15.08,2024,1
2024-03-18,8162.51,30517.33,8.88,32.42,45.16,Project C,80.56,2024,3
2024-04-18,7793.27,10297.11,30.84,42.55,25.27,Project D,87.43,2024,4
2023-11-30,14527.09,10693.43,33.86,19.54,75.73,Project A,54.59,2023,11
2023-06-03,4765.43,32869.6,38.13,28.95,43.83,Project B,91.56,2023,6
2023-12-26,18877.46,18821.04,31.48,23.82,32.48,Project B,4.18,2023,12
2023-07-23,19761.26,4393.4,16.41,73.62,28.1,Project C,59.64,2023,7
2024-04-22,12487.61,22249.45,7.06,88.37,22.04,Project D,41.76,2024,4
2023-10-02,11854.61,42327.18,8.3,57.67,62.94,Project A,38.75,2023,10
2023-09-04,5803.13,2652.05,44.74,58.72,62.86,Project C,96.28,2023,9
2023-07-20,17286.43,22790.09,22.63,48.62,82.56,Project B,69.64,2023,7
2024-03-28,3821.39,5156.6,39.82,19.25,95.56,Project D,57.7,2024,3
2023-07-22,17641.13,40126.34,20.86,25.57,65.99,Project B,99.05,2023,7
2023-07-11,14081.19,23586.15,30.0,32.34,25.74,Project B,9.92,2023,7
2023-07-30,8678.52,48679.48,14.55,53.58,44.57,Project A,19.19,2023,7
2024-05-03,5928.05,37133.62,8.57,20.4,84.05,Project C,84.66,2024,5
2023-11-11,11467.01,27617.67,17.85,31.12,78.23,Project B,72.7,2023,11
2024-05-26,15118.0,1597.89,28.5,28.21,37.41,Project D,34.66,2024,5
2023-08-15,7210.5,9219.54,46.01,34.91,42.51,Project A,52.91,2023,8
2024-04-26,9347.47,49802.17,11.6,35.42,81.44,Project A,10.11,2024,4
2023-07-15,13429.76,6552.78,44.52,58.77,92.94,Project B,16.36,2023,7
2024-01-13,15789.28,42293.78,42.4,61.04,61.84,Project D,42.06,2024,1
2024-01-21,4840.57,15496.51,36.9,87.46,66.1,Project C,79.05,2024,1
2024-01-21,4558.28,19529.84,33.85,24.31,9.46,Project B,64.02,2024,1
2024-01-04,1873.38,26719.47,3.79,34.86,46.57,Project A,18.33,2024,1
2024-04-27,1215.46,4449.61,3.71,17.12,98.77,Project B,28.02,2024,4
2024-04-14,16950.22,46327.86,36.23,30.51,28.17,Project B,64.51,2024,4
2024-01-30,9590.79,46229.19,45.71,67.14,44.76,Project D,70.45,2024,1
2023-09-19,7800.37,47668.73,48.85,78.65,22.87,Project D,77.12,2023,9
2024-01-22,14031.94,7979.04,1.1,34.68,90.48,Project C,74.35,2024,1
2023-10-30,1352.87,34558.57,27.94,78.4,68.34,Project A,55.15,2023,10
2023-11-04,15011.23,15786.66,14.21,86.02,22.45,Project D,74.64,2023,11
2023-08-04,17204.26,42932.45,26.63,16.2,2.51,Project A,32.61,2023,8
2024-05-25,14668.01,37415.17,12.18,52.7,39.38,Project D,78.79,2024,5
2024-05-07,17584.66,25598.49,38.51,18.93,10.26,Project D,3.11,2024,5
2024-05-16,18471.98,14558.72,25.12,64.43,20.41,Project B,22.16,2024,5
2023-07-12,16667.35,43056.4,28.06,32.84,75.68,Project C,80.69,2023,7
2023-11-13,15938.72,43420.86,25.37,17.75,13.99,Project A,50.67,2023,11
2023-06-07,11826.47,1454.99,23.08,88.84,89.55,Project A,39.09,2023,6
2024-01-16,18678.21,34385.99,40.57,75.96,65.13,Project B,48.86,2024,1
2023-07-28,5700.8,11825.86,37.27,34.86,83.14,Project A,37.78,2023,7
2024-05-18,11620.95,34149.67,30.03,64.41,74.05,Project C,1.01,2024,5
2024-05-01,2059.48,5561.14,44.71,85.92,61.21,Project A,82.42,2024,5
2023-11-05,8775.14,6316.17,26.52,35.21,18.33,Project D,59.99,2023,11
2024-02-18,15491.91,46446.17,16.64,73.26,91.66,Project C,75.66,2024,2
2024-03-09,6334.31,46520.24,49.89,67.79,76.61,Project D,12.15,2024,3
2023-11-16,7949.26,13301.03,11.09,47.34,28.0,Project C,62.38,2023,11
2023-09-30,15162.67,16927.97,12.15,67.24,7.01,Project D,79.78,2023,9
2024-05-29,4563.56,43847.4,13.02,12.3,84.67,Project D,65.03,2024,5
2023-07-26,7166.86,43796.36,13.18,55.21,7.85,Project B,86.09,2023,7
2024-03-22,1873.15,8349.32,23.93,47.81,41.22,Project D,23.15,2024,3
2023-08-13,18738.48,49860.95,22.59,13.82,56.68,Project A,20.49,2023,8
2023-11-18,16551.67,36572.53,2.92,42.58,4.95,Project D,67.55,2023,11
2023-07-16,19172.3,20659.21,10.67,54.14,40.26,Project D,98.98,2023,7
2024-05-11,13454.6,48749.51,30.31,67.28,47.59,Project D,64.87,2024,5
2023-09-16,10570.24,25213.14,11.71,69.27,32.91,Project A,1.84,2023,9
2023-12-27,16163.39,8042.06,35.8,20.15,46.96,Project B,61.57,2023,12
2023-09-21,17204.31,5367.53,10.4,69.22,20.28,Project D,82.21,2023,9
2024-02-27,3866.46,3834.14,3.11,80.32,49.06,Project D,14.12,2024,2
2023-12-01,9460.52,21578.55,20.23,66.02,47.55,Project B,81.42,2023,12
2024-02-09,12314.63,14990.49,7.3,27.93,84.26,Project B,41.34,2024,2
2023-11-19,1067.43,4504.29,49.67,54.61,42.75,Project A,37.32,2023,11
2023-06-21,6920.98,28113.0,40.79,61.97,60.4,Project C,36.44,2023,6
2024-01-06,10561.15,21523.98,31.56,79.91,25.0,Project D,31.13,2024,1
2023-06-14,19076.57,47664.68,41.23,72.73,82.09,Project C,70.9,2023,6
2024-04-26,19664.23,40866.59,49.72,78.43,73.46,Project B,89.26,2024,4
2024-03-14,10968.31,17264.11,30.61,51.49,61.03,Project D,74.21,2024,3
2024-05-20,18219.35,34395.97,3.37,21.56,86.87,Project B,50.12,2024,5
2024-04-20,9910.99,11836.01,17.64,85.49,17.66,Project A,10.48,2024,4
2024-03-06,9405.69,24903.25,2.2,83.22,34.21,Project D,51.96,2024,3
2023-10-13,13732.15,3067.96,13.12,31.55,57.04,Project C,73.08,2023,10
2023-12-11,12759.02,23552.78,20.31,62.11,11.35,Project D,29.11,2023,12
2023-07-06,8726.49,38127.18,19.63,41.44,62.67,Project C,92.3,2023,7
2023-08-31,10364.93,15116.21,38.1,46.81,25.9,Project D,35.27,2023,8
2023-06-02,5642.19,43662.87,30.98,59.8,87.65,Project C,63.16,2023,6
2024-03-05,2150.13,49799.85,18.61,68.62,14.23,Project A,87.72,2024,3
2024-05-27,16697.8,35023.11,25.67,53.42,26.22,Project A,34.69,2024,5
2024-01-11,1208.55,29888.29,2.22,80.98,55.42,Project D,64.66,2024,1
2023-11-21,15395.37,34905.28,7.49,62.64,18.08,Project C,81.42,2023,11
2023-09-11,7854.05,31662.13,5.5,43.49,77.43,Project D,71.44,2023,9
2024-04-12,3938.1,22601.25,5.84,80.15,7.45,Project D,56.88,2024,4
2024-03-27,13468.22,12252.97,23.01,33.35,79.82,Project B,89.12,2024,3
2024-01-21,3601.43,20618.7,46.61,57.5,53.39,Project B,31.44,2024,1
2023-07-03,16631.24,47163.24,38.23,11.5,26.08,Project C,5.42,2023,7
2023-08-04,10321.92,25219.76,26.25,13.45,59.2,Project C,75.2,2023,8
2024-04-25,14963.78,36611.82,15.86,20.43,92.33,Project B,81.41,2024,4
2023-12-25,10275.2,5745.0,27.72,32.41,35.14,Project A,17.75,2023,12
2024-02-10,14990.57,32242.5,35.95,51.52,68.64,Project A,46.0,2024,2
2023-10-25,16243.29,40951.81,28.39,83.95,82.45,Project A,14.84,2023,10
2024-02-08,11954.29,8766.16,25.89,87.63,73.71,Project D,80.79,2024,2
2023-06-23,11254.29,9374.14,6.94,76.62,44.43,Project B,79.32,2023,6
2024-02-12,3760.44,17683.47,16.27,82.16,34.71,Project A,62.32,2024,2
2023-08-12,3747.19,48422.85,19.79,56.65,65.25,Project A,49.51,2023,8
2023-11-07,8924.78,2368.63,12.91,63.4,99.33,Project B,97.16,2023,11
2023-12-11,19988.41,5097.77,42.29,57.85,4.92,Project B,62.49,2023,12
2023-08-03,15479.89,14212.82,29.46,12.65,92.31,Project A,2.59,2023,8
2023-12-01,1347.89,18256.0,13.18,87.71,83.24,Project C,19.7,2023,12
2024-03-08,16267.57,8389.87,25.29,73.86,1.08,Project B,33.57,2024,3
2024-01-02,18762.87,4103.2,43.61,51.21,35.58,Project A,3.3,2024,1
2023-11-16,19687.0,2089.98,38.65,33.82,49.07,Project D,83.69,2023,11
2023-10-25,2272.32,15357.57,13.46,88.19,53.11,Project D,37.3,2023,10
2023-08-12,4403.82,1644.95,7.28,83.82,68.44,Project D,23.95,2023,8
2023-12-28,2983.05,6791.54,6.45,41.19,1.66,Project A,67.28,2023,12
2023-08-31,6537.08,10745.33,32.37,83.0,32.74,Project B,3.63,2023,8
2024-04-25,16260.19,26557.1,30.05,36.31,28.6,Project A,67.64,2024,4
2023-11-22,10268.37,41692.59,22.7,27.51,79.56,Project C,9.53,2023,11
2023-12-27,13725.43,46246.68,18.99,22.2,49.27,Project A,16.25,2023,12
2024-05-08,9699.79,27505.52,20.02,71.16,54.55,Project C,16.01,2024,5
2023-09-04,14516.96,25409.3,1.76,28.77,64.27,Project B,53.86,2023,9
2024-04-23,14580.05,2529.23,27.11,68.13,12.8,Project C,5.07,2024,4
2024-02-17,6348.61,31543.4,9.67,34.38,31.79,Project A,41.94,2024,2
2024-03-05,10875.19,38198.42,2.1,38.6,78.08,Project B,56.41,2024,3
2023-11-09,18098.69,46967.95,15.83,58.77,16.67,Project A,7.61,2023,11
2023-09-24,5850.06,24495.37,1.04,63.33,2.93,Project A,31.29,2023,9
2023-09-21,6118.98,48932.09,17.94,73.51,3.34,Project B,6.5,2023,9
2024-05-17,1082.52,36888.22,9.49,61.0,16.6,Project A,50.11,2024,5
2024-02-05,8743.27,6721.54,15.73,82.82,62.55,Project C,29.94,2024,2
2024-01-12,3734.92,20146.32,37.33,43.4,95.79,Project A,77.34,2024,1
2024-05-05,14815.51,30482.13,18.05,80.09,95.53,Project D,18.48,2024,5
2023-11-21,14817.28,35792.17,15.37,59.78,60.84,Project B,39.07,2023,11
2023-06-19,960.96,14828.11,41.48,21.68,11.41,Project A,21.94,2023,6
2023-06-20,16507.78,24313.21,21.54,54.76,21.47,Project C,95.43,2023,6
2023-07-16,18460.63,11432.12,43.6,34.48,33.1,Project A,86.15,2023,7
2023-05-30,535.5,23023.39,29.41,29.22,32.88,Project C,5.94,2023,5
2024-05-10,17012.97,37528.78,23.49,29.92,90.7,Project C,82.4,2024,5
2024-03-18,6499.43,17340.52,26.83,47.95,64.36,Project A,99.94,2024,3
2023-08-23,1727.63,24501.13,4.8,27.09,77.87,Project A,37.67,2023,8
2023-10-12,16917.85,23484.85,39.48,25.63,37.2,Project C,4.64,2023,10
2024-04-28,11149.3,7799.66,38.52,20.45,64.1,Project C,13.26,2024,4
2023-07-07,16767.12,29761.39,21.15,35.5,75.12,Project A,84.96,2023,7
2024-03-10,9100.17,13459.29,30.77,10.31,22.66,Project B,9.36,2024,3
2023-06-04,3672.81,35288.38,13.36,29.28,94.49,Project C,57.13,2023,6
2023-07-27,18570.42,34203.43,22.5,69.83,78.99,Project A,99.44,2023,7
2024-02-25,13565.51,31953.74,27.57,53.5,65.5,Project A,38.79,2024,2
2024-04-05,18219.57,35708.58,11.06,60.47,36.3,Project B,88.97,2024,4
2023-10-19,11499.74,23220.53,47.92,63.64,41.59,Project D,2.02,2023,10
2024-05-07,10715.59,34615.97,3.01,14.94,59.11,Project A,33.15,2024,5
2024-03-25,18757.78,26841.94,7.26,60.81,17.94,Project D,57.32,2024,3
2024-03-21,8438.59,32810.44,21.84,63.96,73.52,Project B,86.18,2024,3
2023-12-05,7959.77,45348.78,20.24,40.73,36.44,Project A,62.42,2023,12
2023-07-30,15193.88,3798.29,15.73,22.23,82.49,Project C,97.26,2023,7
2023-08-05,2277.64,4112.46,3.55,46.9,53.96,Project D,97.32,2023,8
2023-12-01,13431.21,13352.37,21.38,35.82,34.65,Project C,65.93,2023,12
2023-09-28,16799.8,26026.16,5.7,58.22,31.65,Project D,58.43,2023,9
2023-07-07,12686.87,18542.75,47.09,48.23,66.5,Project B,12.97,2023,7
2023-06-21,10504.94,6755.2,29.08,88.71,99.78,Project B,23.15,2023,6
2024-05-29,16997.19,40138.64,48.27,29.26,57.94,Project D,58.83,2024,5
2023-06-03,16996.92,11897.04,8.92,56.18,26.41,Project C,27.23,2023,6
2024-05-25,16645.83,47949.8,5.07,52.92,84.65,Project B,9.82,2024,5
2023-10-17,4084.96,18427.66,49.2,73.68,43.0,Project C,94.54,2023,10
2023-07-30,640.1,23099.15,6.6,77.05,9.51,Project A,17.93,2023,7
2023-12-21,2595.71,19235.18,40.32,75.25,45.09,Project D,86.91,2023,12
2023-06-19,3683.3,32907.19,3.53,11.51,88.73,Project D,87.31,2023,6
2023-12-20,1213.71,5335.18,33.71,87.88,20.82,Project D,47.2,2023,12
2023-11-20,18691.98,13536.98,15.67,61.55,86.83,Project D,66.02,2023,11
2023-07-22,6434.74,27322.64,21.43,32.44,71.95,Project C,54.93,2023,7
2023-10-10,18989.9,32646.72,14.86,56.78,36.35,Project A,15.82,2023,10
2024-05-17,5055.27,48434.27,27.74,37.8,82.92,Project D,74.09,2024,5
2023-09-05,11465.25,10650.45,19.53,62.26,5.44,Project A,57.26,2023,9
2024-01-04,17249.22,10759.45,10.16,68.03,8.33,Project D,49.17,2024,1
2024-05-08,3558.05,18548.91,13.51,33.01,9.32,Project D,13.19,2024,5
2023-08-31,16683.37,15067.69,20.54,13.66,80.78,Project C,80.95,2023,8
2023-07-30,6142.81,12370.36,1.82,27.37,67.93,Project C,40.82,2023,7
2024-03-09,4607.89,2666.08,37.23,31.96,74.83,Project B,69.18,2024,3
2023-09-09,17342.2,49336.82,9.63,29.67,12.05,Project A,42.22,2023,9
2024-03-27,9433.85,34293.4,17.46,12.73,85.38,Project A,63.35,2024,3
2023-07-03,18976.32,3257.82,18.63,79.83,44.44,Project A,87.22,2023,7
2023-08-24,6380.84,6680.22,29.72,51.75,23.18,Project A,80.58,2023,8
2023-10-22,8643.09,30261.21,16.81,58.04,34.08,Project B,25.7,2023,10
2024-01-13,11523.78,24999.08,12.78,55.27,49.35,Project C,42.57,2024,1
2023-08-21,7827.68,49607.12,45.48,32.69,94.36,Project A,56.05,2023,8
2024-05-03,16741.18,16312.15,46.95,43.39,66.55,Project A,3.92,2024,5
2023-10-15,9670.3,6108.43,25.62,41.93,23.35,Project B,97.74,2023,10
2023-12-11,3797.72,20238.19,45.42,48.91,61.31,Project A,8.8,2023,12
2023-07-12,13761.56,42346.4,23.65,42.59,25.2,Project C,99.56,2023,7
2023-12-23,4625.9,9611.65,36.32,84.55,16.84,Project D,43.18,2023,12
2023-11-07,17829.03,45882.28,34.66,64.59,99.43,Project B,12.38,2023,11
2023-08-27,3730.94,7214.03,20.46,71.26,1.82,Project A,54.07,2023,8
2023-12-01,2266.53,10520.7,6.88,70.3,30.79,Project C,6.96,2023,12
2023-11-02,4902.97,28779.8,38.32,13.07,13.81,Project A,46.68,2023,11
2023-11-19,6057.59,26945.02,19.64,80.2,75.24,Project D,23.91,2023,11
2024-05-16,15741.88,28038.25,10.13,56.46,45.79,Project A,25.36,2024,5
2024-04-08,7009.14,12386.32,38.07,50.9,27.62,Project D,9.92,2024,4
2024-03-14,10069.9,41702.54,17.44,65.83,55.09,Project D,55.74,2024,3
2023-06-13,4298.71,37578.17,46.03,48.37,56.94,Project B,21.24,2023,6
2023-08-20,11469.48,19293.66,18.11,81.54,94.37,Project A,48.09,2023,8
2024-03-01,7444.83,42917.77,8.98,22.62,71.67,Project C,22.29,2024,3
2023-06-04,7883.07,42243.29,24.89,34.77,25.1,Project C,97.45,2023,6
2024-03-29,16308.37,21463.77,33.99,83.78,72.88,Project D,20.98,2024,3
2024-02-20,13359.94,38358.83,43.8,30.69,47.81,Project D,22.83,2024,2
2023-12-24,7344.7,14396.62,36.77,67.1,35.76,Project A,14.51,2023,12
2024-03-16,15776.35,41012.3,35.99,22.8,80.68,Project C,90.86,2024,3
2024-02-04,9843.73,16425.31,29.42,68.88,8.25,Project D,64.14,2024,2
2023-06-20,11626.18,26019.97,32.89,26.43,44.29,Project D,75.11,2023,6
2023-07-15,6146.82,18876.39,10.56,65.8,51.09,Project A,31.04,2023,7
2024-01-22,4868.89,48913.78,28.88,64.76,85.54,Project D,92.13,2024,1
2024-02-04,13016.27,7953.51,5.99,89.19,11.75,Project B,86.82,2024,2
2023-07-11,8038.49,33852.73,49.63,53.3,32.2,Project B,29.26,2023,7
2024-05-26,4063.64,6130.68,49.24,14.01,55.42,Project B,98.18,2024,5
2023-12-02,11785.84,11245.6,49.12,39.2,65.48,Project C,61.71,2023,12
2024-03-31,16580.49,18081.48,28.74,68.48,43.5,Project C,17.84,2024,3
2024-01-30,9451.38,14249.67,46.67,67.47,43.9,Project A,84.68,2024,1
2023-12-02,9874.36,42896.52,41.16,22.68,92.18,Project D,78.29,2023,12
2023-08-25,7847.69,9407.26,41.43,12.96,54.32,Project C,90.62,2023,8
2023-10-11,15792.77,35115.81,38.53,11.93,45.89,Project B,2.91,2023,10
2024-04-08,4377.33,29159.94,33.71,35.73,87.67,Project A,55.18,2024,4
2023-10-15,19113.83,39950.86,4.19,68.04,22.17,Project D,27.22,2023,10
2024-02-28,6551.36,7321.19,39.91,13.26,82.12,Project C,23.71,2024,2
2023-10-26,1239.89,20746.26,16.76,81.61,82.08,Project C,4.94,2023,10
2024-01-13,3150.07,17774.33,12.49,83.58,77.3,Project C,31.32,2024,1
2024-04-24,10514.27,13685.98,47.55,85.29,21.85,Project D,29.23,2024,4
2024-04-16,5933.68,24777.83,13.09,57.9,56.28,Project D,9.86,2024,4
2024-04-20,3320.96,22369.65,9.83,68.39,90.06,Project B,48.01,2024,4
2023-06-18,4089.0,1259.13,8.2,67.77,31.11,Project C,72.36,2023,6
2024-05-18,6049.16,32056.91,45.28,58.99,50.47,Project B,96.86,2024,5
2023-10-15,3693.59,18176.13,11.99,17.43,33.27,Project A,49.7,2023,10
2024-05-04,13098.12,25844.59,16.09,82.02,69.14,Project C,16.26,2024,5
2023-11-01,4429.67,1350.22,30.59,86.83,96.11,Project D,68.25,2023,11
2023-07-12,14148.7,7385.69,1.97,87.37,8.1,Project A,95.68,2023,7
2023-07-20,14454.55,15546.37,10.13,23.44,37.22,Project A,25.35,2023,7
2023-11-08,16078.98,8670.8,21.95,16.41,93.97,Project B,61.8,2023,11
2024-02-07,11030.52,4352.42,6.35,74.07,25.51,Project B,67.71,2024,2
2023-06-13,17538.32,9201.9,21.88,57.78,48.25,Project D,42.66,2023,6
2023-12-06,1163.29,7892.83,19.43,75.78,48.43,Project A,35.07,2023,12
2023-10-30,12172.73,25953.37,20.03,67.82,38.43,Project A,52.52,2023,10
2024-02-07,13066.34,4985.76,37.27,20.62,34.6,Project A,51.47,2024,2
2024-02-02,12994.4,35252.56,21.53,86.5,55.43,Project A,47.14,2024,2
2024-02-16,16334.42,47071.07,33.22,48.32,34.32,Project B,30.16,2024,2
2024-04-08,15729.49,41262.46,38.71,81.99,82.98,Project C,16.87,2024,4
2023-09-29,15862.49,32033.61,20.0,49.44,3.45,Project B,23.8,2023,9
2024-04-22,14952.37,22079.3,10.75,14.93,66.02,Project B,66.85,2024,4
2023-06-18,8509.43,24529.64,10.42,25.96,32.06,Project C,82.68,2023,6
2023-09-16,17208.62,21607.44,33.49,75.26,50.12,Project D,27.32,2023,9
2023-07-23,4778.62,25807.41,23.89,59.17,6.5,Project A,11.33,2023,7
2023-07-12,5114.94,29243.0,4.98,68.02,24.45,Project C,89.17,2023,7
2024-05-28,2723.39,3513.28,47.91,83.29,23.57,Project C,91.85,2024,5
2024-02-20,6214.87,5498.33,21.2,29.81,32.65,Project B,6.74,2024,2
2023-10-02,2790.42,20827.77,13.88,85.94,15.71,Project C,92.28,2023,10
2023-07-04,14803.75,22381.89,9.2,87.11,20.9,Project C,14.52,2023,7
2023-12-29,6483.41,3841.97,21.05,79.58,10.75,Project D,92.99,2023,12
2024-03-02,7916.5,47709.78,11.44,25.57,67.6,Project B,65.82,2024,3
2023-10-20,17635.4,41231.06,31.79,60.1,24.1,Project A,53.58,2023,10
2023-11-27,2006.4,42195.47,31.62,29.08,51.33,Project B,65.2,2023,11
2023-08-06,4116.73,12611.68,31.63,54.28,94.93,Project C,89.46,2023,8
2023-11-10,19437.57,11815.75,41.36,43.18,62.16,Project D,69.88,2023,11
2023-07-06,3489.25,17910.1,37.1,78.39,79.9,Project D,51.5,2023,7
2024-01-23,1971.04,29136.92,45.61,73.11,2.95,Project C,85.78,2024,1
2024-04-02,10200.2,13797.6,42.59,12.18,95.99,Project B,2.41,2024,4
2023-06-07,6222.94,38251.79,47.17,84.12,12.96,Project C,65.32,2023,6
2024-03-24,12723.66,17015.78,9.16,17.6,37.02,Project C,99.27,2024,3
2023-09-26,14843.73,24935.21,4.02,59.55,80.52,Project B,43.45,2023,9
2023-09-30,1932.44,1414.76,43.19,71.15,1.37,Project D,64.6,2023,9
2023-08-22,15637.68,5749.45,44.04,23.86,83.57,Project B,27.22,2023,8
2023-07-20,16978.77,27125.93,40.25,42.19,98.82,Project C,58.03,2023,7
2023-10-02,11846.2,26975.05,25.1,19.38,93.0,Project D,43.45,2023,10
2024-02-19,13789.2,49471.99,26.86,75.36,38.76,Project C,1.89,2024,2
2024-05-08,6236.15,40675.73,43.8,67.6,82.81,Project A,23.82,2024,5
2024-02-21,6794.37,24820.36,32.77,66.68,90.25,Project D,12.77,2024,2
2024-05-25,14328.06,23964.03,18.23,28.7,41.77,Project D,17.97,2024,5
2024-02-05,18711.46,25749.27,38.64,16.55,56.67,Project C,43.6,2024,2
2024-01-31,1089.68,19432.54,43.48,66.48,22.08,Project C,23.32,2024,1
2024-01-13,18450.72,11537.64,34.28,54.4,54.73,Project B,91.52,2024,1
2023-12-06,2755.42,5050.49,18.22,85.98,1.26,Project B,80.86,2023,12
2023-07-03,15902.95,6597.8,8.68,84.4,36.52,Project C,12.48,2023,7
2024-02-14,9678.91,19749.06,39.61,19.78,9.22,Project B,42.95,2024,2
2023-06-19,16658.78,11522.64,18.32,70.85,94.43,Project D,12.05,2023,6
2024-04-07,16734.8,24115.53,32.23,51.84,97.1,Project C,18.73,2024,4
2023-09-20,8621.9,9926.09,28.91,61.02,98.78,Project D,33.31,2023,9
2023-12-15,3053.01,13281.87,8.38,32.69,63.07,Project B,69.22,2023,12
2023-11-13,18074.11,37842.64,41.91,87.87,1.1,Project B,50.41,2023,11
2023-06-28,6566.32,43576.0,28.9,53.69,16.84,Project A,14.22,2023,6
2023-08-25,11797.78,18562.07,25.69,73.54,17.81,Project D,2.91,2023,8
2023-07-09,10554.67,42039.68,22.41,79.19,72.31,Project A,47.56,2023,7
2023-11-21,19589.67,15292.51,27.3,63.15,22.09,Project C,66.1,2023,11
2024-01-30,3788.06,27526.37,20.42,73.04,68.36,Project D,35.86,2024,1
2023-06-13,2419.96,42875.23,41.58,62.15,19.42,Project A,63.05,2023,6
2023-07-18,7172.54,30467.97,14.08,84.1,67.85,Project C,52.57,2023,7
2023-10-16,15400.48,44413.15,10.06,52.4,93.57,Project D,34.54,2023,10
2023-08-11,15708.25,38000.83,42.98,64.32,9.55,Project D,21.87,2023,8
2024-03-23,18681.95,6217.34,13.3,36.59,85.02,Project C,99.66,2024,3
2023-05-30,19192.35,25409.34,7.63,25.05,90.88,Project A,44.01,2023,5
2023-07-21,15628.05,21942.63,10.19,85.96,26.35,Project D,51.17,2023,7
2024-03-21,19835.08,15790.26,39.47,73.74,37.88,Project A,57.36,2024,3
2023-07-05,13516.65,12307.96,45.26,42.75,96.44,Project B,44.3,2023,7
2023-09-05,9001.28,18692.05,7.03,60.08,53.83,Project D,40.91,2023,9
2024-04-10,12716.45,8836.63,19.41,58.86,37.65,Project C,32.89,2024,4
2023-12-15,18759.27,4569.11,42.71,21.83,4.24,Project C,4.06,2023,12
2024-03-24,1914.0,14623.38,10.32,27.3,3.77,Project A,86.72,2024,3
2023-10-22,4748.14,43042.02,43.39,46.71,7.72,Project B,44.93,2023,10
2023-09-11,5060.95,44513.07,20.75,81.37,99.22,Project D,23.33,2023,9
2023-08-23,8401.65,12710.2,21.24,57.39,7.51,Project C,29.23,2023,8
2024-02-12,10466.59,46017.7,23.16,88.58,75.33,Project A,30.04,2024,2
2023-08-24,15898.32,22566.07,46.25,21.84,2.41,Project A,27.96,2023,8
2024-03-07,8629.26,2539.96,17.62,45.97,63.43,Project A,89.64,2024,3
2024-04-03,3994.21,8135.2,3.26,23.15,98.03,Project B,91.06,2024,4
2023-07-09,11486.75,41436.78,38.76,37.91,29.28,Project B,47.61,2023,7
2023-12-04,11093.14,42824.66,6.09,16.07,1.64,Project D,26.26,2023,12
2024-05-22,5225.96,3871.79,4.26,67.74,54.8,Project B,14.34,2024,5
2023-11-29,7678.34,19721.82,22.67,62.6,19.66,Project B,43.82,2023,11
2023-06-01,2321.78,8280.44,47.17,61.04,23.7,Project C,90.9,2023,6
2023-07-30,4729.22,37878.28,13.77,15.61,97.46,Project C,23.1,2023,7
2023-09-05,17127.88,7913.9,19.93,79.6,33.87,Project C,47.96,2023,9
2023-06-09,12199.06,25619.71,35.31,35.36,91.32,Project D,39.35,2023,6
2023-06-04,3063.28,20194.97,28.66,12.79,86.14,Project C,81.82,2023,6
2024-05-06,12995.06,40995.43,41.16,30.05,94.67,Project D,86.22,2024,5
2024-02-12,15797.63,7099.67,15.03,84.93,26.09,Project A,81.72,2024,2
2024-01-07,8749.86,17873.31,3.64,76.07,57.69,Project C,73.88,2024,1
2024-05-05,19026.7,6754.58,31.65,52.32,81.64,Project C,23.17,2024,5
2023-12-06,5903.95,28372.71,11.76,49.99,10.65,Project A,33.75,2023,12
2023-05-30,18156.64,38889.87,35.67,55.3,10.17,Project B,10.18,2023,5
2023-07-16,15379.24,9954.03,41.35,67.59,33.36,Project D,5.74,2023,7
2023-12-02,3664.67,35267.87,5.13,36.68,71.36,Project C,35.59,2023,12
2023-09-30,13132.2,46626.24,14.4,52.83,28.0,Project C,27.87,2023,9
2023-06-17,9597.42,39311.17,28.71,41.91,36.44,Project C,59.61,2023,6
2023-06-18,9831.75,11458.69,43.77,72.57,7.74,Project D,15.2,2023,6
2023-08-01,19226.44,5594.15,26.88,28.61,98.96,Project D,71.89,2023,8
2023-11-30,12494.94,45422.48,45.37,82.84,2.0,Project D,4.81,2023,11
2023-06-01,15539.87,9607.74,17.1,57.78,85.27,Project B,51.7,2023,6
2024-02-07,3745.99,12217.78,26.29,11.06,23.01,Project A,4.45,2024,2
2023-09-28,14109.13,24116.29,42.12,59.97,62.82,Project D,61.69,2023,9
2023-12-17,5570.34,9834.13,46.0,31.19,93.22,Project A,2.83,2023,12
2024-04-09,6154.14,1872.39,43.92,56.98,7.37,Project B,47.74,2024,4
2023-12-16,6479.1,47847.06,26.85,35.65,73.42,Project D,82.98,2023,12
2023-06-08,9779.78,10737.79,49.67,16.24,67.83,Project C,0.81,2023,6
2023-11-14,18910.57,25139.19,20.23,37.45,52.25,Project B,2.68,2023,11
2023-12-28,12280.25,40531.53,12.74,39.55,12.95,Project D,31.46,2023,12
2024-01-04,16438.0,4957.12,34.45,35.83,87.23,Project D,38.48,2024,1
2024-02-11,11298.6,6256.15,39.66,26.12,22.26,Project A,26.92,2024,2
2023-07-06,18662.61,49170.72,8.79,66.34,60.98,Project B,58.45,2023,7
2023-06-17,8504.39,2614.74,35.65,72.21,12.98,Project D,11.79,2023,6
2024-04-04,15584.0,24311.9,30.44,14.54,33.84,Project A,85.49,2024,4
2023-11-27,8680.44,45410.89,28.92,58.01,12.7,Project B,52.18,2023,11
2023-09-16,18060.23,34546.0,44.67,62.3,9.47,Project B,38.15,2023,9
2023-07-06,9802.8,37766.86,48.94,29.72,40.9,Project C,36.85,2023,7
2023-11-12,9133.99,1245.63,29.98,73.78,95.03,Project D,2.86,2023,11
2023-11-18,17836.3,19802.37,16.77,54.48,87.2,Project B,54.84,2023,11
2023-07-20,6387.5,38042.1,4.44,17.5,26.23,Project C,58.24,2023,7
2023-08-05,794.74,42163.29,46.06,20.16,79.83,Project B,76.16,2023,8
2023-08-07,8042.1,1427.43,4.69,42.48,32.67,Project B,84.89,2023,8
2024-03-16,5459.15,4132.75,30.88,16.49,34.94,Project D,94.98,2024,3
2024-05-27,5107.22,18296.23,47.82,33.66,41.53,Project B,67.4,2024,5
2023-09-24,16492.32,10850.52,7.53,71.84,67.1,Project C,27.39,2023,9
2023-09-09,3824.51,23404.34,39.19,87.58,79.39,Project A,9.51,2023,9
2023-12-17,5508.43,11909.29,44.9,79.7,95.74,Project D,5.46,2023,12
2024-04-16,6095.29,13125.85,25.45,68.3,40.18,Project C,37.9,2024,4
2024-03-13,945.63,32619.63,26.48,66.26,23.02,Project A,66.7,2024,3
2023-11-16,8818.76,14753.22,11.69,49.51,13.7,Project C,65.29,2023,11
2024-02-27,759.02,44068.74,39.63,56.41,91.06,Project C,0.56,2024,2
2024-04-23,10652.66,37324.34,9.23,80.66,29.31,Project A,48.32,2024,4
2023-05-31,4124.75,21165.13,34.63,26.77,54.53,Project B,68.33,2023,5
2024-04-03,12228.96,45825.51,40.06,44.92,39.37,Project B,85.29,2024,4
2023-11-14,13807.95,28804.96,27.11,23.93,64.66,Project B,70.76,2023,11
2024-05-25,18688.91,49275.86,41.97,14.85,66.97,Project A,38.87,2024,5
2023-12-29,8112.99,33132.01,24.89,82.95,42.75,Project C,4.85,2023,12
2023-11-19,17373.84,46391.48,11.82,36.94,41.59,Project B,36.63,2023,11
2024-02-29,2255.44,19720.63,35.53,74.27,61.57,Project D,61.28,2024,2
2024-01-11,9146.52,40719.94,6.47,20.4,87.04,Project C,73.5,2024,1
2024-05-09,15669.0,8368.11,36.01,54.58,48.18,Project C,7.06,2024,5
2023-10-22,1284.09,11386.47,4.33,81.55,76.1,Project D,14.47,2023,10
2024-02-22,10801.21,16366.53,35.34,63.1,51.95,Project C,25.95,2024,2
2023-10-13,4130.04,32136.18,26.64,16.18,86.26,Project A,28.29,2023,10
2023-09-28,6438.66,31433.22,31.97,28.23,64.82,Project B,2.63,2023,9
2023-06-12,11903.52,28166.61,46.53,12.33,71.43,Project D,50.94,2023,6
2023-10-11,14849.45,33995.64,6.87,39.65,95.4,Project D,90.0,2023,10
2023-11-24,5148.25,20221.89,33.85,30.36,17.01,Project A,94.6,2023,11
2023-12-31,16221.68,11944.57,12.47,59.18,8.89,Project A,83.95,2023,12
2023-08-16,8409.8,17671.38,35.11,13.6,84.99,Project B,55.51,2023,8
2023-12-09,7841.61,21876.61,29.71,40.15,21.23,Project C,97.95,2023,12
2024-01-20,14174.59,45654.47,10.45,35.11,89.68,Project C,37.46,2024,1
2023-11-12,2723.12,36464.56,9.09,47.93,91.24,Project B,10.16,2023,11
2023-09-01,1486.64,12858.3,41.26,84.78,36.99,Project B,41.6,2023,9
2023-11-28,3489.57,41580.48,18.66,24.74,98.98,Project D,18.37,2023,11
2024-04-26,10756.92,47273.62,21.43,37.05,75.08,Project A,56.21,2024,4
2023-07-11,4934.05,41223.93,46.42,45.07,26.3,Project A,3.89,2023,7
2023-12-22,7840.32,49764.57,6.91,42.49,64.61,Project C,49.51,2023,12
2023-09-26,16541.76,21968.64,10.32,51.83,68.23,Project C,73.56,2023,9
2024-05-13,5666.04,42000.74,13.35,79.24,10.5,Project D,63.74,2024,5
2024-02-03,18604.03,15365.49,35.08,77.73,2.15,Project A,92.28,2024,2
2024-05-22,19382.74,20081.11,39.99,26.02,14.83,Project A,2.91,2024,5
2023-08-12,4863.68,4690.48,38.22,48.49,54.42,Project C,39.24,2023,8
2023-05-31,8308.6,25348.37,17.05,53.67,83.71,Project D,46.23,2023,5
2024-01-25,6945.14,1032.35,28.79,19.7,13.05,Project D,82.46,2024,1
2023-10-11,8272.55,47716.89,33.33,56.81,88.28,Project A,67.28,2023,10
2023-07-10,7429.12,46467.04,2.59,60.19,5.92,Project A,98.1,2023,7
2024-04-02,16295.51,10887.58,18.16,44.61,82.1,Project A,50.86,2024,4
2024-04-01,18423.73,21057.16,47.34,75.81,40.59,Project D,86.33,2024,4
2023-08-24,12787.6,2763.54,27.53,17.28,81.12,Project C,76.05,2023,8
2023-12-26,5158.39,34084.68,15.34,83.85,71.1,Project A,62.73,2023,12
2024-03-18,19030.79,44311.35,21.43,38.2,16.84,Project C,73.09,2024,3
2023-10-13,13938.86,47032.09,2.2,21.72,24.76,Project D,10.68,2023,10
2023-06-22,12987.45,24538.07,10.0,28.31,53.2,Project A,79.11,2023,6
2023-06-21,8875.79,21541.07,20.04,74.69,97.76,Project B,94.28,2023,6
2023-09-03,17058.99,44944.48,38.78,79.13,63.39,Project C,2.26,2023,9
2023-10-28,11745.75,24160.3,38.77,40.8,65.75,Project A,30.01,2023,10
2023-06-22,7672.87,26494.94,19.17,75.12,30.66,Project B,85.91,2023,6
2024-03-09,17136.26,40880.15,1.82,21.59,72.62,Project C,94.1,2024,3
2024-05-16,1815.02,15584.53,2.96,47.45,39.46,Project B,55.28,2024,5
2024-05-12,2943.62,39005.0,32.11,42.74,12.29,Project A,28.15,2024,5
2023-10-03,12955.84,21406.99,5.44,41.19,85.23,Project D,57.59,2023,10
2023-12-14,10655.69,17334.87,45.34,85.28,18.93,Project D,80.49,2023,12
2023-05-31,15074.85,32062.02,24.03,58.61,97.68,Project B,59.16,2023,5
2024-03-13,10863.66,9501.77,33.47,18.55,74.79,Project C,52.11,2024,3
2024-02-24,9183.84,44189.47,25.99,46.93,83.57,Project B,65.46,2024,2
2024-02-26,13024.23,11816.64,48.93,60.53,81.92,Project A,93.89,2024,2
2024-05-25,3486.59,32070.78,6.05,18.65,54.02,Project A,32.44,2024,5
2023-06-12,15248.1,39159.15,34.96,46.94,55.04,Project B,20.73,2023,6
2024-04-17,507.71,31206.3,12.02,76.43,39.87,Project B,79.27,2024,4
2024-03-24,2035.05,42325.95,9.94,28.72,34.63,Project C,24.51,2024,3
2023-10-05,5418.06,47112.44,47.92,81.17,64.54,Project B,52.6,2023,10
2024-04-07,14071.68,5214.03,15.81,80.97,91.74,Project B,25.0,2024,4
2023-06-29,10347.19,28500.21,9.0,25.79,12.85,Project C,56.18,2023,6
2023-10-05,1557.34,8598.63,12.52,14.99,97.22,Project D,49.25,2023,10
2023-09-10,14358.55,42219.93,36.23,16.54,13.55,Project D,83.16,2023,9
2023-06-24,2247.52,41207.1,25.68,20.46,32.83,Project C,22.94,2023,6
2023-10-28,6968.46,36757.09,43.96,31.71,54.51,Project D,18.39,2023,10
2024-05-03,6457.71,34378.57,36.04,63.92,97.2,Project D,66.55,2024,5
2023-12-27,14956.57,39475.13,29.08,84.39,61.75,Project A,58.35,2023,12
2023-12-16,9153.62,40586.19,6.5,37.68,73.57,Project C,48.72,2023,12
2023-10-19,10120.81,25824.88,32.51,51.47,68.79,Project D,24.67,2023,10
2024-02-19,10275.06,25349.76,22.73,49.3,25.41,Project C,49.98,2024,2
2024-02-21,10247.68,45930.35,7.5,64.41,40.73,Project D,22.21,2024,2
2024-02-24,2698.03,41434.38,45.55,13.07,63.82,Project C,29.23,2024,2
2023-11-13,15725.63,19140.86,39.76,21.46,70.4,Project B,6.88,2023,11
2024-01-20,12530.72,37751.34,34.25,11.13,56.17,Project A,27.86,2024,1
2024-02-23,11917.88,42424.2,42.5,12.27,88.96,Project B,73.34,2024,2
2023-12-15,2056.81,31396.6,45.68,62.91,97.79,Project C,97.54,2023,12
2023-10-31,16042.28,9608.19,12.51,58.14,26.35,Project B,65.61,2023,10
2023-07-15,14404.47,37190.76,38.9,45.84,5.33,Project B,68.68,2023,7
2023-08-21,7959.83,25640.29,46.52,41.1,21.05,Project D,38.73,2023,8
2023-09-19,6094.2,49932.72,45.44,86.37,25.99,Project B,25.03,2023,9
2024-01-22,10311.87,21419.49,18.49,40.61,94.52,Project B,81.64,2024,1
2024-04-26,15177.61,31863.6,1.06,62.1,30.43,Project A,39.56,2024,4
2023-10-30,8911.64,4764.57,33.22,62.16,2.0,Project C,69.82,2023,10
2023-10-05,14594.84,38468.43,43.53,53.5,5.04,Project C,54.52,2023,10
2024-04-17,19832.39,9577.62,26.1,52.95,1.7,Project B,56.24,2024,4
2023-11-20,8812.4,19704.22,5.44,82.96,53.28,Project C,61.62,2023,11
2023-07-15,18055.47,30239.98,28.6,43.15,4.28,Project B,96.88,2023,7
2023-07-18,5399.56,3886.77,27.0,75.17,43.77,Project C,22.01,2023,7
2024-01-26,1550.32,37452.53,31.09,77.65,42.27,Project B,49.01,2024,1
2023-11-07,12179.9,41944.98,23.63,13.84,73.39,Project C,85.29,2023,11
2024-04-13,18882.12,22590.87,10.23,29.65,52.18,Project C,14.33,2024,4
2024-05-05,7665.87,13513.0,18.68,10.98,46.8,Project B,22.78,2024,5
2023-08-18,6851.74,33749.51,7.88,56.42,47.27,Project B,75.47,2023,8
2023-10-25,10399.61,4689.2,23.98,16.6,73.58,Project A,24.22,2023,10
2024-01-15,19653.25,10009.21,29.96,26.47,43.74,Project B,90.82,2024,1
2023-11-09,11510.48,42960.39,48.85,86.43,37.99,Project A,75.82,2023,11
2024-05-24,3408.38,38345.24,15.08,18.95,39.83,Project C,58.63,2024,5
2023-06-23,8621.24,32875.6,31.49,89.49,47.12,Project B,3.79,2023,6
2023-09-16,586.7,28746.85,3.0,85.45,26.54,Project C,85.94,2023,9
2024-05-18,16544.23,43515.41,12.79,29.09,95.87,Project A,38.96,2024,5
2023-07-15,14720.19,24390.79,20.22,20.69,15.74,Project C,71.29,2023,7
2023-08-25,17007.62,20220.78,1.62,10.2,90.86,Project C,33.32,2023,8
2024-03-30,13249.27,26325.92,14.48,67.06,11.27,Project C,13.9,2024,3
2023-08-08,16237.52,40323.25,17.91,25.33,58.34,Project B,2.03,2023,8
2024-01-03,12072.08,27645.07,23.11,38.64,39.72,Project A,28.49,2024,1
2023-10-14,5930.96,16240.37,12.36,21.92,72.41,Project C,24.15,2023,10
2024-01-30,14118.24,16124.02,34.63,51.61,14.66,Project A,64.09,2024,1
2023-11-27,17202.86,13356.27,33.08,76.82,18.15,Project A,13.38,2023,11
2023-11-16,4292.04,11022.99,33.41,86.1,52.54,Project C,72.03,2023,11
2024-03-28,3543.66,31793.39,12.71,57.99,94.63,Project C,30.55,2024,3
2023-10-22,16770.27,27044.37,18.28,60.01,79.42,Project B,94.28,2023,10
2024-05-10,2613.58,20908.63,25.77,76.74,78.75,Project C,76.12,2024,5
2023-06-10,15858.49,24608.43,3.78,64.01,99.65,Project C,36.75,2023,6
2024-03-23,1664.0,23253.45,46.39,67.86,92.87,Project D,1.37,2024,3
2024-02-21,11403.93,32077.89,22.74,53.63,23.53,Project B,37.06,2024,2
2024-03-23,14216.1,47283.16,30.8,63.58,77.13,Project A,43.16,2024,3
2023-08-22,2402.55,3311.42,10.86,66.72,26.57,Project B,1.77,2023,8
2024-02-16,3915.45,11513.26,15.85,54.34,84.67,Project C,53.36,2024,2
2023-06-24,11158.83,37026.9,29.89,48.23,94.65,Project B,0.56,2023,6
2023-12-08,18013.22,13474.06,46.46,33.48,16.17,Project A,65.08,2023,12
2023-12-15,16500.59,2763.62,38.64,24.09,55.16,Project D,35.88,2023,12
2023-09-27,9936.1,27300.22,38.82,79.96,36.18,Project C,51.53,2023,9
2024-04-02,19390.35,23384.12,44.16,69.26,75.17,Project D,95.9,2024,4
2024-04-16,5779.75,10364.21,41.38,80.53,33.61,Project C,53.61,2024,4
2024-02-28,1124.71,13851.64,34.4,14.63,50.96,Project A,58.11,2024,2
2023-10-21,1613.69,27410.77,34.82,56.82,85.89,Project C,55.89,2023,10
2024-05-21,12636.68,27179.08,21.98,81.64,65.65,Project B,97.31,2024,5
2024-04-21,16991.74,22653.02,46.5,75.59,95.49,Project C,87.11,2024,4
2024-02-27,8482.61,44902.89,44.28,44.38,18.48,Project A,86.08,2024,2
2023-07-06,4912.33,8132.26,20.25,19.67,14.67,Project C,38.52,2023,7
2024-01-12,11031.81,5225.3,3.84,39.69,74.75,Project A,93.64,2024,1
2023-09-25,4351.75,8293.16,14.19,86.75,12.19,Project C,83.19,2023,9
2023-09-03,6687.58,4119.6,14.93,68.62,91.09,Project A,2.4,2023,9
2023-10-24,9166.08,4919.82,37.41,46.26,40.74,Project B,30.78,2023,10
2024-01-14,8370.76,49578.86,3.78,78.08,16.12,Project B,84.39,2024,1
2024-01-30,18185.26,1487.44,10.52,10.86,89.38,Project D,9.4,2024,1
2023-10-09,2819.65,4897.89,49.31,66.63,56.76,Project C,61.87,2023,10
2024-01-14,13997.32,30023.01,32.39,27.35,55.26,Project B,82.14,2024,1
2023-08-21,13764.09,49238.87,1.53,24.3,86.65,Project A,15.93,2023,8
2023-09-03,12275.99,10065.33,9.05,38.7,23.57,Project C,86.69,2023,9
2024-03-14,11040.69,19451.25,29.69,78.99,31.71,Project A,95.1,2024,3
2024-02-21,9103.87,19165.17,26.56,82.56,29.09,Project C,4.92,2024,2
2024-04-30,19715.84,12850.57,28.58,40.95,7.26,Project A,44.95,2024,4
2024-02-28,4836.32,8652.4,2.3,89.19,92.76,Project C,79.14,2024,2
2024-04-23,11286.48,4594.5,28.09,58.63,11.85,Project A,72.9,2024,4
2024-03-02,12954.08,23565.63,15.38,20.71,61.44,Project B,33.93,2024,3
2024-03-16,17452.06,22414.69,41.83,57.92,71.02,Project D,74.04,2024,3
2024-02-25,19705.36,47209.46,26.91,16.27,44.54,Project B,51.11,2024,2
2024-03-07,11070.49,27581.41,35.1,65.28,43.72,Project C,40.09,2024,3
2023-10-28,15250.72,34088.51,40.25,80.65,16.18,Project D,75.06,2023,10
2024-02-08,2653.69,4719.74,21.34,28.13,63.57,Project D,57.19,2024,2
2023-11-29,16560.35,18082.85,37.61,57.33,34.88,Project B,3.48,2023,11
2023-07-04,16730.81,48278.23,23.19,27.01,89.41,Project B,5.45,2023,7
2023-10-10,13884.6,14706.64,19.05,75.29,67.69,Project B,19.19,2023,10
2023-06-20,8854.04,25525.77,44.35,10.03,42.5,Project A,2.3,2023,6
2023-12-12,10081.94,44636.65,14.29,78.95,36.04,Project D,33.78,2023,12
2023-10-28,14788.58,44579.84,27.84,21.61,38.43,Project C,24.33,2023,10
2024-05-21,19430.43,20311.64,14.12,58.2,54.22,Project C,50.93,2024,5
2023-11-06,6629.77,10787.1,14.7,61.55,12.9,Project D,27.14,2023,11
2024-02-22,18706.05,27327.27,2.53,75.29,10.1,Project D,72.74,2024,2
2023-09-27,16759.97,22661.8,20.79,62.72,69.4,Project C,11.88,2023,9
2023-11-07,10315.79,28042.09,33.21,60.87,3.14,Project C,25.87,2023,11
2024-02-20,4174.49,11915.96,18.22,33.47,60.97,Project A,98.6,2024,2
2023-08-04,12918.33,42340.1,2.39,52.31,41.92,Project B,4.17,2023,8
2023-09-27,12063.84,32597.77,9.03,67.62,53.33,Project C,85.12,2023,9
2023-12-12,19587.58,23759.56,45.94,24.96,26.75,Project A,94.54,2023,12
2023-10-20,11772.38,13464.99,43.53,22.34,93.27,Project A,18.98,2023,10
2024-02-27,571.94,26613.17,13.87,76.88,88.45,Project D,73.86,2024,2
2023-09-26,10502.34,40161.5,23.66,23.27,20.66,Project A,28.18,2023,9
2024-05-14,8032.84,19280.94,49.18,41.51,44.87,Project C,5.59,2024,5
2024-01-10,15048.18,22554.75,12.87,82.22,18.3,Project A,33.64,2024,1
2023-09-17,15313.76,38427.52,11.29,85.25,90.35,Project B,43.76,2023,9
2023-12-21,15270.58,1823.66,14.98,11.83,71.25,Project B,69.93,2023,12
2023-10-15,2409.8,43548.63,37.89,50.61,45.07,Project B,2.06,2023,10
2024-05-22,10031.39,36391.69,11.96,14.87,32.16,Project D,63.23,2024,5
2024-05-20,19544.96,16972.76,18.1,75.71,69.29,Project C,95.94,2024,5
2024-04-21,14634.04,35450.79,34.33,12.98,63.23,Project C,76.8,2024,4
2023-12-10,7178.36,9623.09,10.53,27.11,37.93,Project B,62.23,2023,12
2023-11-08,8618.48,42017.99,32.03,13.66,63.83,Project C,29.63,2023,11
2023-07-11,2649.72,2596.47,21.52,13.2,95.53,Project B,77.88,2023,7
2024-04-30,1954.74,37818.32,32.9,53.94,64.92,Project D,95.31,2024,4
2023-07-31,3053.82,39502.73,31.36,42.15,7.45,Project A,77.85,2023,7
2024-05-10,3686.57,32479.86,32.89,89.89,47.37,Project A,32.77,2024,5
2024-03-29,8305.49,2975.2,35.99,79.8,53.92,Project B,5.08,2024,3
2024-01-04,18788.2,3833.68,29.48,38.65,80.52,Project C,66.63,2024,1
2023-11-02,16871.92,32971.3,35.97,49.92,65.91,Project B,73.79,2023,11
2024-05-18,5461.61,2240.23,48.86,58.29,63.94,Project D,50.31,2024,5
2023-12-23,17286.96,24796.49,32.31,89.52,32.83,Project B,31.86,2023,12
2023-09-26,718.27,39924.24,15.3,32.48,76.11,Project B,60.03,2023,9
2024-05-15,996.59,11587.75,49.54,35.25,32.33,Project B,99.21,2024,5
2023-08-23,11461.46,45749.56,10.93,79.21,29.94,Project B,56.92,2023,8
2023-07-25,9031.39,36973.32,48.79,38.32,92.27,Project C,90.76,2023,7
2023-07-12,16377.83,18285.84,32.93,23.94,97.89,Project B,48.23,2023,7
2023-11-17,15397.08,38121.02,1.97,33.22,57.75,Project C,74.52,2023,11
2024-03-03,4679.55,15660.31,3.38,48.97,93.83,Project C,44.38,2024,3
2024-05-17,18327.83,2969.32,22.06,40.97,94.38,Project B,61.8,2024,5
2024-05-06,6680.33,13637.25,34.98,13.53,10.69,Project C,98.84,2024,5
2023-12-01,14209.74,3723.16,48.81,87.3,65.24,Project D,86.63,2023,12
2024-05-03,10503.13,19447.18,11.61,46.42,63.36,Project B,5.03,2024,5
2024-04-20,17711.03,45405.67,25.23,42.57,3.4,Project C,33.9,2024,4
2023-06-19,5860.22,29303.73,14.18,60.35,24.09,Project D,93.84,2023,6
2024-05-20,13622.94,13575.18,20.29,21.22,84.9,Project B,49.65,2024,5
2024-01-20,13855.97,36703.0,5.33,17.61,37.36,Project D,49.7,2024,1
2023-10-10,11199.09,9286.06,38.6,67.54,12.39,Project D,68.98,2023,10
2024-01-27,7009.34,13951.91,29.18,10.14,74.35,Project B,38.26,2024,1
2024-01-23,6268.34,35017.88,32.73,58.33,31.25,Project D,56.79,2024,1
2024-05-03,3060.6,44693.96,21.07,29.61,55.72,Project C,14.98,2024,5
2024-02-22,15837.8,41475.12,14.73,72.19,17.62,Project C,6.67,2024,2
2024-01-30,8781.76,33249.28,22.38,24.9,24.83,Project C,82.82,2024,1
2024-01-17,6246.64,8596.91,45.65,57.25,62.03,Project C,40.7,2024,1
2024-05-23,5063.38,3673.77,7.25,55.5,53.38,Project B,84.76,2024,5
2023-10-20,10682.03,30024.38,25.54,12.63,92.43,Project C,85.5,2023,10
2024-02-09,17997.89,49678.29,39.38,14.79,41.94,Project C,96.72,2024,2
2024-05-01,2174.82,8642.19,11.28,27.34,22.51,Project D,26.13,2024,5
2024-03-14,9691.26,19041.19,10.34,87.52,47.89,Project C,80.94,2024,3
2023-11-29,8560.7,2494.4,16.19,81.39,14.97,Project D,98.23,2023,11
2023-12-14,10750.0,21452.97,37.76,19.6,2.47,Project B,85.13,2023,12
2024-04-29,8023.48,14696.73,22.51,82.89,1.27,Project A,77.66,2024,4
2023-07-20,4892.62,36229.26,11.72,23.62,2.74,Project B,67.54,2023,7
2023-12-03,17839.21,13265.52,49.03,42.58,24.34,Project D,6.13,2023,12
2023-08-30,14847.21,32097.43,16.78,64.37,97.12,Project C,27.11,2023,8
2023-10-02,15127.77,29628.33,31.69,14.55,33.33,Project D,93.01,2023,10
2024-05-10,6919.74,37994.15,15.06,27.29,29.42,Project A,53.48,2024,5
2024-05-21,8785.84,37097.71,33.27,17.72,70.77,Project C,44.38,2024,5
2024-03-22,11847.28,49217.24,17.18,72.99,21.76,Project A,43.63,2024,3
2023-05-31,6115.44,42747.07,5.46,22.58,70.21,Project B,67.84,2023,5
2023-09-22,19834.29,10188.54,13.71,10.54,70.33,Project A,87.04,2023,9
2023-06-27,5926.13,12963.1,44.0,77.39,14.48,Project D,17.99,2023,6
2023-10-06,15877.26,40010.41,43.64,26.52,7.29,Project A,16.07,2023,10
2023-10-26,3274.72,6934.15,36.81,76.07,73.85,Project B,22.04,2023,10
2023-07-19,17395.35,46678.76,27.31,59.39,55.14,Project B,3.7,2023,7
2023-09-17,13400.87,45210.72,47.34,27.47,16.64,Project D,38.5,2023,9
2024-01-13,15433.4,17255.07,32.36,74.07,88.48,Project B,27.58,2024,1
2024-01-26,15232.22,40573.61,9.82,58.45,75.07,Project B,77.17,2024,1
2023-12-25,10308.04,20377.91,47.48,41.23,69.52,Project A,76.21,2023,12
2023-11-21,3209.17,5363.44,29.87,15.75,52.49,Project D,50.87,2023,11
2024-04-09,5145.72,41062.48,27.75,16.7,67.1,Project B,51.1,2024,4
2023-08-30,16098.07,10978.56,40.28,47.28,31.64,Project C,31.41,2023,8
2023-10-13,7294.85,37411.98,23.51,77.97,21.85,Project C,48.05,2023,10
2024-03-04,3262.09,3853.66,42.58,83.19,86.2,Project C,79.27,2024,3
2024-05-17,15953.86,8080.65,5.89,60.25,8.76,Project B,39.9,2024,5
2023-08-13,19594.1,14162.08,45.01,41.25,13.98,Project C,80.38,2023,8
2023-06-27,600.09,41078.32,2.41,44.24,58.16,Project D,99.89,2023,6
2023-10-12,7004.69,37448.88,43.59,12.97,56.36,Project B,44.47,2023,10
2023-10-04,821.74,17616.76,26.98,79.15,70.29,Project B,34.95,2023,10
2024-02-03,19491.87,43565.5,15.35,56.0,76.95,Project B,91.13,2024,2
2023-08-18,6356.85,11662.21,9.03,52.91,38.48,Project D,69.21,2023,8
2023-06-19,12164.75,16115.21,8.37,84.64,52.52,Project D,47.36,2023,6
2024-01-30,16125.29,11049.24,17.52,86.84,51.96,Project A,97.93,2024,1
2024-01-21,1054.23,32395.43,12.65,40.03,36.84,Project A,97.55,2024,1
2023-08-28,12025.29,23165.26,44.7,23.05,9.59,Project C,83.98,2023,8
2023-08-18,12959.99,11625.18,21.39,78.59,90.75,Project D,96.31,2023,8
2023-08-19,1018.9,2460.35,15.46,42.05,51.15,Project B,47.39,2023,8
2024-02-28,3232.86,30123.45,29.13,81.79,67.51,Project A,59.34,2024,2
2023-11-15,17275.69,34822.76,5.53,65.06,75.34,Project B,7.44,2023,11
2023-06-10,13470.48,25706.71,1.32,40.05,46.08,Project A,15.42,2023,6
2024-04-02,8349.19,49159.84,48.45,11.36,36.59,Project A,95.97,2024,4
2023-09-01,5143.58,17970.93,18.05,34.13,48.49,Project C,45.73,2023,9
2023-10-09,14686.47,18899.69,37.95,73.53,88.91,Project C,12.33,2023,10
2023-07-17,9387.82,35262.04,49.75,27.53,55.77,Project A,43.99,2023,7
2023-11-18,2479.95,6797.44,40.06,67.42,94.58,Project A,29.08,2023,11
2023-12-30,13229.79,45614.48,29.22,68.44,32.46,Project C,41.59,2023,12
2023-09-07,9269.32,19527.9,42.61,52.17,34.82,Project B,12.08,2023,9
2023-10-15,18512.35,49408.95,13.89,89.7,91.97,Project A,97.1,2023,10
2023-07-20,12091.0,34856.14,42.62,73.19,85.7,Project D,91.2,2023,7
2023-08-29,17685.22,2276.63,7.89,83.97,90.29,Project A,97.94,2023,8
2024-02-07,8090.96,26557.83,13.57,80.1,38.23,Project D,30.86,2024,2
2024-02-25,6426.88,38854.18,15.0,36.02,90.34,Project D,22.07,2024,2
2023-08-28,10578.56,47028.61,30.7,59.69,67.89,Project C,8.67,2023,8
2023-12-15,6958.82,13289.99,13.64,24.86,64.92,Project A,27.3,2023,12
2024-04-17,19009.08,46445.87,8.12,65.68,31.94,Project B,72.65,2024,4
2023-12-23,892.83,23364.89,13.04,38.75,67.82,Project A,62.61,2023,12
2023-07-26,15255.1,11854.25,42.51,89.18,91.84,Project B,57.61,2023,7
2024-02-28,5502.53,32748.69,32.69,35.29,40.45,Project C,47.7,2024,2
2024-04-22,15383.42,1823.79,49.14,22.74,52.0,Project B,92.7,2024,4
2024-04-04,15641.41,28577.92,9.64,29.43,8.3,Project C,89.23,2024,4
2023-12-13,11792.73,39803.3,5.04,20.44,35.35,Project D,50.56,2023,12
2024-02-13,14476.7,27730.22,12.63,10.13,27.66,Project A,28.84,2024,2
2024-05-05,2969.64,23077.34,39.82,71.28,67.66,Project A,14.32,2024,5
2023-08-01,11328.86,27313.49,1.88,88.15,6.45,Project A,63.26,2023,8
2024-05-20,15468.73,49725.12,27.9,69.1,43.54,Project B,6.8,2024,5
2023-11-21,2407.21,48911.27,3.54,48.29,5.4,Project A,99.42,2023,11
2023-10-01,3672.93,19494.07,35.74,83.69,50.2,Project B,68.29,2023,10
2023-06-05,11071.25,38222.3,19.08,76.97,18.21,Project A,64.07,2023,6
2023-06-30,16243.58,12196.02,19.52,48.1,45.68,Project B,81.53,2023,6
2023-09-30,6288.01,11804.18,17.82,38.9,44.77,Project A,63.85,2023,9
2023-11-09,6386.58,21157.02,15.66,57.33,75.35,Project A,40.75,2023,11
2024-01-21,3068.04,18622.61,25.57,39.83,46.5,Project D,51.83,2024,1
2024-01-14,708.93,4685.13,38.37,79.62,68.46,Project C,97.1,2024,1
2023-06-12,12942.9,9527.16,41.6,26.06,5.55,Project B,1.5,2023,6
2023-12-06,16238.93,3812.46,30.05,88.2,60.0,Project D,10.23,2023,12
2024-02-13,2821.75,16403.67,2.32,87.44,38.93,Project D,93.75,2024,2
2023-12-27,14455.18,10358.13,2.21,10.51,59.37,Project A,59.01,2023,12
2023-12-29,16411.6,17697.84,44.64,63.33,55.49,Project C,39.69,2023,12
2023-12-14,668.11,47235.08,45.55,72.54,25.48,Project C,15.57,2023,12
2023-10-22,2374.74,2328.08,15.56,48.89,50.29,Project C,18.78,2023,10
2023-06-12,702.52,30915.74,20.44,28.58,52.01,Project D,65.43,2023,6
2024-03-05,3772.44,39629.83,22.37,37.68,61.32,Project D,37.63,2024,3
2023-09-07,5825.21,19562.64,36.35,25.02,25.11,Project C,4.72,2023,9
2023-08-05,6597.59,10356.06,33.44,22.19,15.54,Project B,56.08,2023,8
2024-02-04,9095.92,43834.96,49.16,85.25,92.83,Project D,30.93,2024,2
2023-10-23,14591.48,19646.24,38.08,53.7,67.5,Project A,93.88,2023,10
2024-02-28,19201.49,32373.46,13.84,30.12,38.24,Project B,70.2,2024,2
2023-08-14,17043.39,14152.71,14.74,81.09,41.82,Project D,61.29,2023,8
2024-03-22,17135.63,4142.36,43.58,41.54,10.79,Project D,94.86,2024,3
2024-01-16,19521.49,38696.5,41.92,47.57,37.69,Project A,18.39,2024,1
2024-03-28,7828.89,7876.71,40.28,49.05,5.95,Project D,64.18,2024,3
2023-12-02,12048.06,38608.66,22.29,24.7,98.72,Project C,5.19,2023,12
2024-05-10,18254.64,14780.42,10.89,25.79,8.87,Project D,46.52,2024,5
2024-01-28,15936.21,39756.15,37.6,67.2,81.16,Project D,26.94,2024,1
2024-03-28,12535.23,22340.84,17.25,24.69,9.26,Project B,60.04,2024,3
2023-06-04,1674.96,24753.79,32.13,44.89,95.64,Project D,95.6,2023,6
2023-11-28,14060.22,48332.33,38.93,75.13,31.47,Project A,59.76,2023,11
2023-12-20,9950.02,46687.04,23.41,85.52,27.65,Project A,21.49,2023,12
2023-09-22,15616.35,4461.81,6.78,59.51,4.53,Project C,45.22,2023,9
2023-09-23,14425.64,45902.62,41.17,69.04,36.27,Project B,81.61,2023,9
2024-01-13,6445.78,2741.44,11.6,58.45,45.05,Project B,39.33,2024,1
2024-01-01,4228.83,32124.61,17.69,65.76,21.66,Project B,81.19,2024,1
2024-03-30,11881.84,41506.55,40.1,50.85,37.24,Project C,91.69,2024,3
2024-04-01,16453.87,16461.37,41.68,60.89,93.31,Project A,34.97,2024,4
2023-07-23,6630.97,22078.59,49.9,71.66,53.05,Project D,8.09,2023,7
2023-10-20,16358.5,10057.78,9.03,72.98,28.34,Project D,92.91,2023,10
2023-08-28,655.42,20362.68,14.95,51.9,5.12,Project A,8.53,2023,8
2023-07-04,5502.42,15035.8,33.41,20.82,77.96,Project B,86.21,2023,7
2023-07-21,5849.53,18570.03,5.5,66.36,40.07,Project C,49.61,2023,7
2023-06-19,19580.08,22821.23,28.63,70.84,9.66,Project D,4.09,2023,6
2024-02-04,19839.65,9351.98,3.11,80.98,27.26,Project C,1.05,2024,2
2023-06-22,3436.09,5275.24,33.18,42.07,63.61,Project A,7.85,2023,6
2024-03-30,11018.61,27446.77,43.13,77.02,40.93,Project A,82.82,2024,3
2023-12-01,11995.77,40013.43,42.25,53.08,89.18,Project B,78.19,2023,12
2023-07-22,1156.11,25181.89,17.7,18.09,72.17,Project C,66.13,2023,7
2023-07-20,19330.06,30134.57,27.55,41.5,92.12,Project B,31.31,2023,7
2024-05-05,7464.32,43523.31,31.93,83.76,71.25,Project A,15.01,2024,5
2023-06-02,10454.51,7495.89,36.59,85.85,88.04,Project A,25.84,2023,6
2023-07-18,13044.57,28415.88,46.79,73.33,67.38,Project D,24.02,2023,7
2023-07-21,12276.39,44655.35,14.81,54.5,93.7,Project C,66.72,2023,7
2024-01-22,1991.69,35449.54,1.04,18.26,51.19,Project D,43.85,2024,1
2023-06-01,3896.71,29036.65,10.4,61.95,45.57,Project B,73.03,2023,6
2023-09-06,8663.98,38777.71,23.56,61.58,16.86,Project A,39.97,2023,9
2024-01-29,4382.18,30208.23,48.22,19.01,88.85,Project A,0.77,2024,1
2023-07-01,15576.33,1683.59,1.91,35.02,3.22,Project B,68.09,2023,7
2023-09-10,10027.94,34791.26,24.1,49.69,52.02,Project D,14.95,2023,9
2023-11-19,2876.4,9929.4,39.18,54.08,18.91,Project D,33.52,2023,11
2023-09-24,17058.91,33432.51,37.22,58.54,83.46,Project C,31.16,2023,9
2023-12-18,4584.41,37463.58,14.2,60.52,96.64,Project B,14.18,2023,12
2023-09-12,15699.57,49920.28,40.31,84.42,72.25,Project B,29.68,2023,9
2024-04-20,3772.08,13490.3,12.86,70.71,85.76,Project B,42.0,2024,4
2024-03-18,13511.85,16555.94,38.86,61.1,73.45,Project D,51.8,2024,3
2023-07-20,15945.59,1741.76,19.68,53.28,92.34,Project A,19.32,2023,7
2023-08-22,12595.33,23688.09,36.75,85.84,59.0,Project B,53.53,2023,8
2024-05-25,8283.91,15564.71,14.23,22.39,69.43,Project B,36.09,2024,5
2024-01-02,9760.67,14629.61,31.66,66.86,2.78,Project A,21.93,2024,1
2023-10-09,5438.6,31055.82,47.9,59.88,62.79,Project C,85.07,2023,10
2023-08-02,8545.77,19291.5,17.81,67.66,38.06,Project A,39.16,2023,8
2024-04-23,4757.25,33373.56,45.24,84.37,81.53,Project D,64.71,2024,4
2023-06-27,16737.03,21448.87,5.93,40.58,83.78,Project D,91.29,2023,6
2024-04-05,1205.44,30221.93,28.63,68.2,66.66,Project B,74.88,2024,4
2024-02-24,3516.76,33888.99,10.58,89.27,30.38,Project A,46.6,2024,2
2023-08-15,9933.88,13495.7,13.49,59.48,86.09,Project A,21.09,2023,8
2023-09-19,7579.05,33271.74,19.12,89.09,27.25,Project A,21.08,2023,9
2023-06-29,1692.11,38763.04,29.63,36.39,9.84,Project D,17.32,2023,6
2024-04-01,11424.0,36486.02,11.8,72.85,65.44,Project C,98.86,2024,4
2023-07-11,7050.18,1379.64,25.34,14.6,5.69,Project D,92.95,2023,7
2023-08-11,5313.53,17399.45,16.36,16.79,31.96,Project D,25.6,2023,8
2023-06-03,2235.54,47466.91,35.6,31.44,11.47,Project B,76.87,2023,6
2023-11-06,1985.52,13102.75,44.86,15.97,75.62,Project A,23.86,2023,11
2024-01-10,4986.08,14019.41,14.6,83.33,35.33,Project B,9.65,2024,1
2023-08-15,13828.26,7051.99,45.05,56.99,93.29,Project C,11.35,2023,8
2024-03-10,16923.09,21314.65,40.98,80.33,19.9,Project B,85.34,2024,3
2023-11-07,6988.93,25969.27,13.35,13.13,19.89,Project C,86.27,2023,11
2023-06-07,8615.77,32680.02,3.66,77.33,33.82,Project D,76.63,2023,6
2024-04-15,6734.36,32179.18,7.98,73.94,64.92,Project B,37.4,2024,4
2023-10-27,16123.49,17564.86,26.3,34.13,78.32,Project C,0.77,2023,10
2023-10-23,19233.54,14731.75,43.98,21.28,25.64,Project C,58.87,2023,10
2023-06-21,6085.22,29457.71,17.07,55.39,56.68,Project D,81.71,2023,6
2024-01-07,16500.13,7543.65,47.28,33.02,82.18,Project D,69.95,2024,1
2024-01-25,16323.59,7936.52,26.66,61.58,20.77,Project D,94.1,2024,1
2023-10-18,10858.2,44194.9,9.19,34.63,42.37,Project D,59.59,2023,10
2024-04-01,6493.17,32589.65,39.9,18.11,65.68,Project D,71.66,2024,4
2023-06-14,7987.74,31789.46,9.25,83.86,55.22,Project D,37.79,2023,6
2023-09-06,17412.2,4626.06,34.92,13.69,55.52,Project C,49.0,2023,9
2024-04-07,1863.19,5936.91,20.12,59.83,59.85,Project C,93.58,2024,4
2023-08-25,5740.47,41117.5,45.19,18.67,11.81,Project B,99.09,2023,8
2023-09-24,3638.94,31724.13,7.52,67.73,76.37,Project A,54.24,2023,9
2024-03-18,2613.96,32086.09,23.4,69.6,34.09,Project A,95.42,2024,3
2023-12-17,7591.43,34041.6,28.11,83.25,19.21,Project D,66.82,2023,12
2023-11-25,11225.88,36783.55,34.35,10.5,50.11,Project C,86.03,2023,11
2023-10-24,4685.7,46154.09,28.13,50.75,29.22,Project B,22.92,2023,10
2024-04-24,13200.07,48754.65,27.27,27.95,25.57,Project B,64.39,2024,4
2024-02-09,1146.43,15072.54,29.57,50.38,62.04,Project D,22.03,2024,2
2023-06-03,2230.71,27764.12,4.75,69.43,38.5,Project C,19.08,2023,6
2023-11-23,807.74,27027.38,36.6,52.53,12.83,Project D,28.66,2023,11
2023-06-05,6052.58,5737.48,43.61,20.24,39.07,Project D,59.94,2023,6
2024-05-16,12488.12,25223.53,15.5,21.53,51.97,Project A,58.75,2024,5
2023-08-15,7394.69,1894.27,34.43,73.85,9.58,Project D,50.88,2023,8
2023-09-24,8157.99,21270.79,30.69,44.72,20.95,Project D,10.42,2023,9
2023-08-15,9327.12,24867.72,18.53,35.83,51.47,Project A,7.56,2023,8
2024-05-29,17680.11,27436.1,35.22,56.0,51.95,Project A,56.93,2024,5
2024-02-21,8075.39,15753.75,47.29,39.46,14.48,Project A,44.68,2024,2
2024-04-09,6583.05,5224.67,1.38,34.83,66.84,Project A,13.77,2024,4
2023-10-30,10805.1,22946.46,43.52,42.93,99.33,Project D,7.68,2023,10
2023-09-05,11073.06,14141.41,8.46,51.2,41.88,Project A,47.26,2023,9
2023-10-11,7818.96,22104.84,46.9,86.69,17.09,Project D,30.23,2023,10
2023-10-02,2006.38,28910.98,12.99,18.87,92.71,Project C,88.28,2023,10
2024-01-17,5764.22,22333.56,47.59,54.27,20.64,Project B,50.57,2024,1
2023-10-11,11716.06,30439.29,27.52,14.3,34.34,Project D,27.44,2023,10
2024-04-19,18824.87,48123.42,4.21,20.16,49.18,Project B,27.99,2024,4
2023-10-17,10431.89,5805.07,12.92,60.58,36.52,Project D,15.35,2023,10
2023-06-26,19588.29,40569.82,41.14,53.29,61.91,Project C,40.36,2023,6
2023-06-17,7458.45,36647.43,49.37,79.26,5.28,Project B,3.09,2023,6
2024-01-04,6882.76,13251.11,18.95,62.39,72.18,Project C,84.36,2024,1
2023-06-03,13826.02,11705.65,20.91,77.46,25.47,Project B,0.9,2023,6
2023-11-28,3796.47,46779.46,43.41,37.89,68.01,Project C,31.63,2023,11
2023-08-21,9044.07,4244.48,14.25,10.56,77.2,Project C,69.86,2023,8
2023-11-05,9831.22,49658.53,38.5,51.28,67.63,Project D,25.19,2023,11
2024-01-19,6333.56,8308.13,27.99,65.83,5.11,Project A,67.71,2024,1
2024-01-06,10348.99,33644.2,2.23,39.33,62.03,Project B,78.65,2024,1
2024-01-02,581.22,17356.41,25.93,74.77,17.11,Project D,8.42,2024,1
2024-02-09,13155.43,48983.64,9.11,79.44,13.77,Project D,7.13,2024,2
2023-09-04,8711.46,31858.34,3.8,13.33,57.5,Project A,64.52,2023,9
2023-10-20,15315.12,17180.04,39.05,75.58,53.69,Project A,67.11,2023,10
2023-06-30,7261.26,20182.72,4.52,50.9,25.01,Project A,97.81,2023,6
2024-05-15,3933.76,33759.77,31.7,10.34,52.79,Project B,82.21,2024,5
2024-02-25,18275.55,45356.84,3.84,77.09,51.36,Project C,68.68,2024,2
2024-03-05,15975.16,32565.74,44.09,56.63,45.25,Project B,53.53,2024,3
2024-05-27,10364.48,6538.2,26.67,62.44,80.49,Project B,83.61,2024,5
2023-10-25,14322.39,33931.76,35.28,63.14,16.61,Project C,96.82,2023,10
2024-03-09,1930.19,39550.14,15.22,51.64,97.43,Project A,90.44,2024,3
2023-08-23,1746.01,38130.12,36.19,42.96,82.64,Project B,41.4,2023,8
2023-12-11,16251.17,2745.21,39.59,57.12,8.18,Project B,80.23,2023,12
2023-10-13,5338.06,31280.01,5.79,75.58,34.36,Project A,14.36,2023,10
2023-08-24,17412.32,32690.6,47.85,18.93,39.75,Project A,54.41,2023,8
2023-09-27,7082.49,30303.96,2.56,68.34,37.58,Project C,20.59,2023,9
2023-10-09,1315.44,28534.47,32.23,34.0,82.32,Project D,21.83,2023,10
2024-05-02,6788.41,4633.39,37.59,60.2,54.79,Project D,5.77,2024,5
2024-01-03,13474.18,18545.19,20.57,74.75,47.56,Project B,76.8,2024,1
2023-08-06,12068.51,16428.5,25.42,78.18,76.45,Project C,11.47,2023,8
2023-08-12,8116.31,3346.82,39.98,12.84,68.5,Project D,8.79,2023,8
2023-09-13,18497.98,44417.11,20.58,47.26,4.11,Project A,21.62,2023,9
2023-11-08,18147.18,4193.82,5.54,47.32,99.19,Project D,43.78,2023,11
2023-08-11,12117.1,6742.17,40.66,67.71,27.26,Project A,24.94,2023,8
2024-05-20,13289.4,20274.27,1.7,59.1,47.76,Project A,31.41,2024,5
2024-05-16,17283.73,44325.76,48.91,42.97,93.24,Project D,70.54,2024,5
2023-07-24,14300.33,4441.78,2.59,44.63,63.16,Project A,3.78,2023,7
2024-01-27,10103.5,29930.93,18.13,65.37,37.5,Project C,30.26,2024,1
2024-01-17,10229.38,29318.6,8.17,55.86,30.16,Project B,44.39,2024,1
2024-03-08,18112.27,37457.43,43.01,43.38,26.91,Project C,67.37,2024,3
2023-11-19,3920.93,40224.61,32.98,84.04,68.76,Project D,35.9,2023,11
2023-12-14,7397.39,12069.68,7.78,25.13,61.94,Project C,28.58,2023,12
2024-03-03,13480.16,35903.33,42.35,25.4,12.81,Project D,54.61,2024,3
2024-02-18,14404.61,18419.98,17.43,39.8,83.15,Project A,40.64,2024,2
2023-06-25,15362.85,8838.55,28.97,48.35,32.13,Project D,53.3,2023,6
2024-03-28,2194.77,6779.57,3.35,68.63,13.53,Project D,6.56,2024,3
2023-09-20,7450.23,25179.06,18.45,21.06,74.44,Project B,28.56,2023,9
2023-10-24,1442.96,4338.73,4.85,48.9,89.85,Project C,58.33,2023,10
2023-12-13,11050.15,41875.54,14.0,23.6,5.91,Project B,10.47,2023,12
2024-04-14,2825.1,3470.89,16.31,80.7,70.27,Project B,22.77,2024,4
2023-07-08,15981.66,49756.39,36.32,30.13,7.69,Project A,32.64,2023,7
2024-05-03,2819.44,14317.53,6.61,23.25,53.03,Project A,91.42,2024,5
2023-10-24,13012.09,48024.04,22.45,75.0,18.88,Project C,90.66,2023,10
2024-04-06,800.2,3273.99,20.77,44.03,75.18,Project D,3.57,2024,4
2023-09-08,1365.16,30162.61,22.59,33.74,81.91,Project A,99.51,2023,9
2024-04-20,14345.52,24326.83,14.9,14.99,15.19,Project A,48.86,2024,4
2023-06-02,8194.95,19597.63,41.79,39.95,75.48,Project B,53.67,2023,6
2023-10-11,16485.86,29335.56,40.91,33.8,14.36,Project B,10.46,2023,10
2024-01-23,15834.07,49797.97,24.12,35.31,40.9,Project D,6.1,2024,1
2024-05-08,10216.75,40027.7,22.74,89.06,50.65,Project D,30.1,2024,5
2023-12-13,18366.13,20304.47,13.25,65.61,48.6,Project B,1.62,2023,12
2023-09-07,19220.23,21270.89,22.92,69.42,54.9,Project D,85.78,2023,9
2024-02-19,2638.79,19120.18,13.71,60.82,68.59,Project A,49.59,2024,2
2023-06-02,6213.08,22682.38,48.63,34.57,86.72,Project D,8.28,2023,6
2024-05-18,8416.74,40007.9,16.61,10.43,99.9,Project B,3.87,2024,5
2023-06-02,18049.49,40041.28,41.69,50.85,37.06,Project D,4.5,2023,6
2023-09-09,8784.56,36818.87,39.14,27.16,34.0,Project D,69.17,2023,9
2024-01-15,6027.5,25446.91,27.47,15.07,68.52,Project C,31.1,2024,1
2023-11-28,13742.58,49582.0,42.39,66.17,85.26,Project B,19.0,2023,11
2023-06-12,2769.6,40391.29,36.61,38.64,92.46,Project D,91.62,2023,6
2024-03-28,10710.94,14509.94,26.4,16.67,22.04,Project A,72.03,2024,3
2024-05-19,13992.58,37265.47,23.14,18.13,53.19,Project A,56.04,2024,5
2024-01-12,16638.67,45706.22,17.05,31.68,25.97,Project A,89.08,2024,1
2023-12-20,9137.13,9148.79,14.6,74.69,21.9,Project D,50.72,2023,12
2024-01-01,3964.34,2998.74,43.38,49.32,74.29,Project D,48.92,2024,1
2023-11-27,19316.5,36070.31,23.11,36.31,57.02,Project D,62.13,2023,11
2024-01-11,14126.44,5849.81,17.05,34.04,3.67,Project A,33.55,2024,1
2023-10-30,14364.02,32444.26,30.77,44.45,82.54,Project A,40.22,2023,10
2024-04-21,2856.33,47849.65,19.49,57.11,25.86,Project A,4.42,2024,4
2023-08-16,14679.01,30542.79,17.95,51.35,96.04,Project A,54.71,2023,8
2023-06-23,3054.06,6710.06,40.66,49.46,19.16,Project C,28.82,2023,6
2024-05-19,14136.78,1772.26,21.01,65.02,31.04,Project B,2.14,2024,5
2023-07-21,19150.1,30161.56,12.2,38.39,60.11,Project B,22.7,2023,7
2024-03-07,17061.57,29847.2,27.83,39.01,97.39,Project A,37.83,2024,3
2024-04-01,6760.12,34120.35,18.34,48.96,62.91,Project D,43.93,2024,4
2023-09-10,5644.55,34461.19,37.26,31.36,94.64,Project C,24.94,2023,9
2023-06-17,11787.68,7080.07,7.41,83.09,28.63,Project C,1.16,2023,6
2024-02-18,1896.37,43200.02,39.26,70.56,75.58,Project A,18.33,2024,2
2023-07-23,6782.88,22365.36,37.92,17.15,94.52,Project D,91.1,2023,7
2024-03-24,14310.47,5269.26,49.91,43.57,8.48,Project A,34.42,2024,3
2023-10-25,17913.62,6202.02,43.26,44.58,29.28,Project D,3.51,2023,10
2023-08-25,5381.52,14014.49,4.12,46.53,88.2,Project D,38.44,2023,8
2023-09-30,12821.6,31830.36,21.89,35.08,46.62,Project B,18.3,2023,9
2024-04-02,15960.47,7895.62,23.43,86.8,50.2,Project B,17.87,2024,4
2024-05-23,3913.79,25532.6,7.76,16.41,14.04,Project D,78.94,2024,5
2023-09-03,4292.33,7682.73,16.49,79.25,84.02,Project D,14.58,2023,9
2024-01-10,10043.3,1586.85,5.17,67.64,52.13,Project B,34.35,2024,1
2024-02-22,18406.86,8519.95,13.96,64.81,27.24,Project C,83.95,2024,2
2023-10-22,13523.31,13451.67,36.04,41.17,53.52,Project B,54.73,2023,10
2023-12-26,12580.45,30807.21,6.18,40.51,72.86,Project D,75.81,2023,12
2023-07-14,9496.53,10595.52,36.05,17.13,88.88,Project C,31.91,2023,7
2023-09-03,1283.52,47717.03,13.28,26.66,24.18,Project A,71.41,2023,9
2023-09-19,11412.43,39695.71,42.08,57.01,32.09,Project A,75.2,2023,9
2024-03-26,15207.46,39509.78,6.88,57.19,42.2,Project D,79.31,2024,3
2023-12-06,4473.4,26714.61,48.16,62.19,36.82,Project A,99.74,2023,12
2023-10-13,9481.56,16316.13,49.37,23.11,59.03,Project D,75.4,2023,10
2023-12-24,9377.41,25861.28,5.42,22.68,37.81,Project B,73.54,2023,12
2023-11-14,7617.89,43444.27,35.01,55.96,12.7,Project C,10.32,2023,11
2023-10-18,12836.87,42869.44,46.85,51.54,20.7,Project B,55.33,2023,10
2024-01-24,11900.94,19527.25,16.32,32.04,87.56,Project C,43.6,2024,1
2023-07-27,1626.85,27754.66,48.58,89.98,40.21,Project A,5.92,2023,7
2024-02-18,10315.25,42991.36,47.67,14.62,95.25,Project A,14.95,2024,2
2023-09-26,15909.03,46051.0,21.58,52.98,98.46,Project A,54.04,2023,9
2024-01-28,11734.52,41952.89,37.16,28.81,28.65,Project A,87.73,2024,1
2023-08-02,5349.05,28437.49,17.43,71.82,25.23,Project C,76.22,2023,8
2024-04-26,10926.53,30583.67,31.27,26.45,47.49,Project B,75.3,2024,4
2024-04-10,11762.88,36907.4,12.22,62.31,1.26,Project D,43.69,2024,4
2024-02-22,12543.4,17706.14,29.73,46.41,82.95,Project C,19.79,2024,2
2023-07-25,14423.46,3657.17,40.22,73.4,22.99,Project A,11.33,2023,7
2023-10-14,15620.5,22822.6,29.19,63.1,90.29,Project C,12.5,2023,10
2023-10-16,13377.59,43827.41,20.67,58.23,97.75,Project D,68.98,2023,10
2024-01-02,17345.63,31179.97,24.26,17.28,60.89,Project A,99.72,2024,1
2024-02-20,19903.47,17628.73,2.97,61.95,82.12,Project D,11.27,2024,2
2023-11-12,3126.56,49018.48,27.94,36.65,76.77,Project D,62.8,2023,11
2024-02-01,2419.32,3733.63,44.84,13.64,91.66,Project A,68.86,2024,2
2023-12-09,3634.78,38388.3,32.54,88.71,81.97,Project A,80.18,2023,12
2023-11-22,13422.85,14318.68,9.66,80.3,86.93,Project C,31.41,2023,11
2023-05-31,9202.71,4590.48,30.37,45.69,35.58,Project D,52.21,2023,5
2023-06-07,12833.42,45646.15,6.84,34.47,64.16,Project D,25.37,2023,6
2023-11-16,12231.78,22917.06,2.78,80.47,31.03,Project C,52.91,2023,11
2023-07-31,6757.04,32475.33,12.95,52.74,87.45,Project B,18.46,2023,7
2024-04-10,7338.04,8525.48,15.3,16.36,51.29,Project D,70.64,2024,4
2023-07-31,10131.9,38651.93,4.63,47.4,76.04,Project A,80.78,2023,7
2023-11-14,4803.27,16829.82,24.69,46.08,58.11,Project D,59.91,2023,11
2023-07-17,8954.17,31152.33,1.49,86.31,27.27,Project A,99.38,2023,7
2024-02-13,5135.74,33937.47,9.64,13.66,45.04,Project A,65.58,2024,2
2023-12-29,16956.44,40467.0,15.56,58.18,95.02,Project D,79.52,2023,12
2023-11-09,11147.4,14561.92,18.49,48.56,51.02,Project A,65.01,2023,11
2023-10-30,6748.49,13347.17,14.33,59.89,89.4,Project A,12.68,2023,10
2024-04-14,9393.09,46071.96,19.79,53.03,56.65,Project C,78.79,2024,4
2024-03-07,10602.45,39659.99,15.05,32.49,74.36,Project C,62.32,2024,3
2023-12-27,11453.69,13997.09,39.36,81.5,60.93,Project A,16.32,2023,12
2024-04-29,12620.68,7182.97,6.33,75.51,51.29,Project C,33.13,2024,4
2024-05-18,12340.39,23773.47,35.88,85.8,64.39,Project A,49.65,2024,5
2023-10-16,972.88,46919.28,24.25,73.67,81.33,Project B,98.82,2023,10
2024-01-21,14045.57,20309.23,6.14,78.36,25.54,Project C,24.18,2024,1
2023-12-14,18190.38,16826.09,29.6,88.8,52.17,Project B,8.38,2023,12
2023-09-28,4539.74,8772.9,10.86,19.54,4.95,Project B,24.47,2023,9
2023-07-22,3028.59,29920.82,3.58,55.61,44.42,Project C,38.68,2023,7
2024-02-14,15324.38,43958.81,47.99,73.41,61.62,Project C,95.53,2024,2
2023-06-09,4515.33,29256.73,31.78,46.69,13.55,Project A,61.23,2023,6
2024-03-04,16669.99,26715.42,18.69,47.39,49.75,Project C,7.63,2024,3
2023-12-17,14052.56,4820.81,19.17,53.35,68.52,Project C,74.61,2023,12
2023-12-21,4782.63,49721.51,12.57,29.84,38.04,Project C,37.23,2023,12
2023-06-06,14610.17,45286.71,8.6,75.28,67.81,Project A,54.47,2023,6
2023-07-09,3909.69,25275.58,6.65,63.5,39.12,Project A,75.7,2023,7
2023-09-22,5455.57,36576.09,3.49,65.9,65.12,Project D,7.82,2023,9
2024-05-22,9187.69,5216.52,12.51,82.46,9.73,Project B,18.64,2024,5
2024-05-14,2296.38,35313.44,39.73,49.31,67.82,Project B,61.28,2024,5
2023-05-31,12691.99,16632.38,36.72,83.72,9.29,Project C,74.99,2023,5
2024-01-02,10427.51,1454.63,20.99,64.85,48.07,Project A,94.86,2024,1
2023-11-27,10346.34,11298.43,49.02,28.14,82.17,Project B,61.16,2023,11
2023-12-01,7313.62,19748.19,48.08,15.5,89.2,Project C,63.93,2023,12
2024-03-20,18380.54,17980.54,24.14,52.25,70.31,Project B,90.38,2024,3
2023-09-18,6906.38,40381.51,32.01,60.19,55.58,Project C,7.99,2023,9
2023-10-28,9693.98,33446.85,7.35,57.92,36.1,Project D,85.36,2023,10
2024-01-12,19461.42,18677.44,28.95,68.51,26.48,Project A,47.3,2024,1
2023-11-25,8016.1,46014.42,37.23,28.16,44.52,Project B,68.53,2023,11
2023-09-25,6292.97,18310.35,23.55,84.81,61.22,Project C,41.05,2023,9
2024-03-14,14524.12,12275.23,36.32,11.23,43.66,Project D,4.3,2024,3
2023-08-20,9253.42,26465.27,4.51,83.78,97.38,Project C,72.18,2023,8
2023-07-03,19086.9,35999.93,23.07,30.52,96.6,Project B,74.22,2023,7
2023-11-03,17104.32,30775.45,36.95,70.92,68.11,Project D,11.45,2023,11
2023-12-17,19483.5,5971.45,34.74,10.66,83.91,Project A,82.96,2023,12
2023-06-22,598.68,24568.61,37.85,73.3,44.92,Project C,82.43,2023,6
2024-05-05,6203.43,25504.99,33.07,14.51,30.19,Project D,43.39,2024,5
2023-12-28,13308.91,1554.59,32.0,72.86,90.72,Project A,37.47,2023,12
2023-07-01,16978.59,34240.26,49.73,59.7,68.16,Project D,31.04,2023,7
2024-02-10,4960.37,9593.01,34.71,82.92,40.73,Project B,62.37,2024,2
2023-11-20,788.93,7921.9,27.07,70.31,50.3,Project A,21.94,2023,11
2023-06-11,3312.02,4347.24,23.37,67.0,7.05,Project C,7.03,2023,6
2023-07-03,16276.51,42806.07,8.15,48.2,11.23,Project A,37.28,2023,7
2023-10-03,18075.22,26362.27,40.82,84.65,86.24,Project A,51.92,2023,10
2023-08-01,7336.34,6531.66,3.97,77.1,68.22,Project C,31.37,2023,8
2023-09-26,15022.11,1828.97,21.8,64.58,22.46,Project B,10.59,2023,9
2023-06-02,14554.93,13318.6,11.55,13.88,95.82,Project A,36.84,2023,6
2023-07-23,3968.58,42334.56,13.29,75.5,9.14,Project B,12.76,2023,7
2024-05-22,16374.19,36997.53,6.01,27.7,81.62,Project D,12.75,2024,5
2023-06-26,2029.32,45453.89,28.78,45.83,97.66,Project B,65.34,2023,6
2023-10-15,17964.33,45498.37,9.98,71.67,22.28,Project B,45.9,2023,10
2023-10-30,19976.69,20298.86,32.37,75.54,92.51,Project C,84.57,2023,10
2023-10-18,18317.14,11363.68,43.9,79.17,48.12,Project B,77.95,2023,10
2024-01-12,7872.15,6136.07,7.48,52.31,51.96,Project C,30.21,2024,1
2023-12-12,4138.59,33882.12,1.67,44.24,86.48,Project B,20.59,2023,12
2024-05-28,19671.38,47310.58,14.92,68.92,73.45,Project C,5.85,2024,5
2024-04-04,13463.31,46911.24,34.5,86.32,86.31,Project C,10.08,2024,4
2023-08-05,11436.94,38399.09,34.15,44.72,5.34,Project D,47.64,2023,8
2023-11-16,9934.68,13086.19,26.28,12.14,4.46,Project D,54.6,2023,11
2023-10-27,8081.73,6367.16,47.75,84.7,28.2,Project C,63.01,2023,10
2023-06-08,10042.29,15765.91,21.65,31.7,52.12,Project A,56.64,2023,6
2024-02-18,1517.5,42991.59,42.71,73.79,46.71,Project D,68.14,2024,2
2024-01-28,10407.11,14672.53,49.28,62.77,26.13,Project A,89.16,2024,1
2023-12-20,11595.73,45966.3,38.11,87.83,80.11,Project D,67.44,2023,12
2024-01-28,11112.71,31633.56,33.31,86.95,54.99,Project B,82.1,2024,1
2023-06-02,12371.26,21900.97,27.48,35.85,70.77,Project C,38.21,2023,6
2024-03-25,2403.99,10854.9,22.08,85.06,80.06,Project B,84.74,2024,3
2023-12-05,520.42,43195.88,41.51,71.91,66.19,Project B,17.11,2023,12
2023-09-14,12367.64,32300.78,18.21,78.24,34.35,Project C,62.88,2023,9
2023-06-03,5473.96,2818.64,38.33,74.88,38.5,Project D,24.92,2023,6
2023-09-20,16576.79,3935.88,25.19,41.95,17.73,Project B,88.03,2023,9
2023-05-31,6907.56,4747.53,36.52,61.3,23.52,Project A,92.77,2023,5
2024-02-20,7256.22,27139.35,14.9,60.85,13.46,Project A,9.53,2024,2
2024-04-24,3444.68,24027.1,22.97,26.63,12.21,Project A,7.57,2024,4
2023-08-02,2228.3,30260.9,42.04,46.54,30.83,Project B,12.96,2023,8
2023-07-06,4345.73,32977.93,2.01,68.49,9.29,Project A,48.44,2023,7
2024-01-13,12028.67,34296.6,5.67,28.6,41.33,Project D,62.24,2024,1
2023-12-10,10651.39,48909.89,5.53,30.42,27.42,Project B,95.79,2023,12
2024-02-05,6754.31,44579.98,36.97,89.19,75.45,Project B,82.77,2024,2
2023-07-18,2271.94,41404.15,9.93,10.8,60.11,Project B,66.11,2023,7
2024-03-08,17356.54,43876.18,17.35,15.22,79.28,Project C,89.82,2024,3
2023-11-26,15422.53,5586.35,42.99,26.46,2.46,Project A,0.06,2023,11
2023-10-24,8239.46,1060.74,6.25,67.66,76.0,Project C,66.55,2023,10
2024-05-13,8648.38,30127.55,47.65,55.93,25.45,Project A,86.26,2024,5
2024-03-15,2676.37,24563.58,12.28,34.97,36.37,Project A,22.62,2024,3
